gene_id	baseMean	log2FoldChange	lfcSE	pvalue	padj
ENSMUSG00000033880	963.5855460189536	1.8868600863260132	0.19923602007891728	1.171968574609465e-22	2.065125825319338e-18
ENSMUSG00000068323	676.964187476859	1.134206803229315	0.1721330728414526	7.84532313795688e-15	6.91212195069691e-11
ENSMUSG00000140435	337.6181621270215	1.7671239860914316	0.2516187787770394	1.6555310806862667e-14	9.724037724257569e-11
ENSMUSG00000028125	439.7628203333144	1.0316349791516501	0.1783983975450423	5.5158769713755656e-12	2.429881702815221e-8
ENSMUSG00000115529	151.40771921088412	-1.974898733636373	0.3793789177918278	9.55063421093655e-10	2.8048620905152158e-6
ENSMUSG00000040856	307.8429701830444	1.6957535736498845	0.4169437608567693	2.879745711116585e-8	5.638222130620594e-5
ENSMUSG00000046718	218.14646724238764	1.22184377859844	0.44432459911680744	9.442213036803572e-7	0.0010533770342727453
ENSMUSG00000051985	96.7476387810537	1.1558434360773078	0.4911375220615773	2.3226350394852526e-6	0.0017794413926421582
ENSMUSG00000040809	55.557506327190445	1.2562051366069213	1.0129078271972118	5.055841440522154e-6	0.0032995919267941065
